{
    "loss": 3.6040430068969727,
    "accuracy": 0.6633333563804626
}