{
    "loss": 13.377948760986328,
    "accuracy": 0.3866666555404663
}